Series ID,Month,Month Name,Year,Month_Year,Value,Year-format
HICP.M.BG.N.041000.4D0.INX,M01,Jan,2001,Jan 2001,38.13,2001-01-01
HICP.M.BG.N.041000.4D0.INX,M02,Feb,2001,Feb 2001,38.85,2001-02-01
HICP.M.BG.N.041000.4D0.INX,M03,Mar,2001,Mar 2001,38.83,2001-03-01
HICP.M.BG.N.041000.4D0.INX,M04,Apr,2001,Apr 2001,39.16,2001-04-01
HICP.M.BG.N.041000.4D0.INX,M05,May,2001,May 2001,39.72,2001-05-01
HICP.M.BG.N.041000.4D0.INX,M06,Jun,2001,Jun 2001,39.87,2001-06-01
HICP.M.BG.N.041000.4D0.INX,M07,Jul,2001,Jul 2001,39.88,2001-07-01
HICP.M.BG.N.041000.4D0.INX,M08,Aug,2001,Aug 2001,39.89,2001-08-01
HICP.M.BG.N.041000.4D0.INX,M09,Sep,2001,Sep 2001,40.02,2001-09-01
HICP.M.BG.N.041000.4D0.INX,M10,Oct,2001,Oct 2001,40.58,2001-10-01
HICP.M.BG.N.041000.4D0.INX,M11,Nov,2001,Nov 2001,40.77,2001-11-01
HICP.M.BG.N.041000.4D0.INX,M12,Dec,2001,Dec 2001,41.54,2001-12-01
HICP.M.BG.N.041000.4D0.INX,M01,Jan,2002,Jan 2002,43.2,2002-01-01
HICP.M.BG.N.041000.4D0.INX,M02,Feb,2002,Feb 2002,43.42,2002-02-01
HICP.M.BG.N.041000.4D0.INX,M03,Mar,2002,Mar 2002,43.51,2002-03-01
HICP.M.BG.N.041000.4D0.INX,M04,Apr,2002,Apr 2002,43.48,2002-04-01
HICP.M.BG.N.041000.4D0.INX,M05,May,2002,May 2002,43.46,2002-05-01
HICP.M.BG.N.041000.4D0.INX,M06,Jun,2002,Jun 2002,43.38,2002-06-01
HICP.M.BG.N.041000.4D0.INX,M07,Jul,2002,Jul 2002,43.29,2002-07-01
HICP.M.BG.N.041000.4D0.INX,M08,Aug,2002,Aug 2002,43.32,2002-08-01
HICP.M.BG.N.041000.4D0.INX,M09,Sep,2002,Sep 2002,43.35,2002-09-01
HICP.M.BG.N.041000.4D0.INX,M10,Oct,2002,Oct 2002,43.52,2002-10-01
HICP.M.BG.N.041000.4D0.INX,M11,Nov,2002,Nov 2002,43.45,2002-11-01
HICP.M.BG.N.041000.4D0.INX,M12,Dec,2002,Dec 2002,43.43,2002-12-01
HICP.M.BG.N.041000.4D0.INX,M01,Jan,2003,Jan 2003,43.27,2003-01-01
HICP.M.BG.N.041000.4D0.INX,M02,Feb,2003,Feb 2003,43.3,2003-02-01
HICP.M.BG.N.041000.4D0.INX,M03,Mar,2003,Mar 2003,43.29,2003-03-01
HICP.M.BG.N.041000.4D0.INX,M04,Apr,2003,Apr 2003,43.35,2003-04-01
HICP.M.BG.N.041000.4D0.INX,M05,May,2003,May 2003,43.2,2003-05-01
HICP.M.BG.N.041000.4D0.INX,M06,Jun,2003,Jun 2003,43.09,2003-06-01
HICP.M.BG.N.041000.4D0.INX,M07,Jul,2003,Jul 2003,43.18,2003-07-01
HICP.M.BG.N.041000.4D0.INX,M08,Aug,2003,Aug 2003,43.38,2003-08-01
HICP.M.BG.N.041000.4D0.INX,M09,Sep,2003,Sep 2003,43.37,2003-09-01
HICP.M.BG.N.041000.4D0.INX,M10,Oct,2003,Oct 2003,43.17,2003-10-01
HICP.M.BG.N.041000.4D0.INX,M11,Nov,2003,Nov 2003,43.25,2003-11-01
HICP.M.BG.N.041000.4D0.INX,M12,Dec,2003,Dec 2003,43.17,2003-12-01
HICP.M.BG.N.041000.4D0.INX,M01,Jan,2004,Jan 2004,43.32,2004-01-01
HICP.M.BG.N.041000.4D0.INX,M02,Feb,2004,Feb 2004,43.48,2004-02-01
HICP.M.BG.N.041000.4D0.INX,M03,Mar,2004,Mar 2004,43.81,2004-03-01
HICP.M.BG.N.041000.4D0.INX,M04,Apr,2004,Apr 2004,43.99,2004-04-01
HICP.M.BG.N.041000.4D0.INX,M05,May,2004,May 2004,44.21,2004-05-01
HICP.M.BG.N.041000.4D0.INX,M06,Jun,2004,Jun 2004,44.21,2004-06-01
HICP.M.BG.N.041000.4D0.INX,M07,Jul,2004,Jul 2004,44.27,2004-07-01
HICP.M.BG.N.041000.4D0.INX,M08,Aug,2004,Aug 2004,44.49,2004-08-01
HICP.M.BG.N.041000.4D0.INX,M09,Sep,2004,Sep 2004,44.82,2004-09-01
HICP.M.BG.N.041000.4D0.INX,M10,Oct,2004,Oct 2004,45.31,2004-10-01
HICP.M.BG.N.041000.4D0.INX,M11,Nov,2004,Nov 2004,45.57,2004-11-01
HICP.M.BG.N.041000.4D0.INX,M12,Dec,2004,Dec 2004,45.82,2004-12-01
HICP.M.BG.N.041000.4D0.INX,M01,Jan,2005,Jan 2005,45.98,2005-01-01
HICP.M.BG.N.041000.4D0.INX,M02,Feb,2005,Feb 2005,46.44,2005-02-01
HICP.M.BG.N.041000.4D0.INX,M03,Mar,2005,Mar 2005,46.68,2005-03-01
HICP.M.BG.N.041000.4D0.INX,M04,Apr,2005,Apr 2005,47.05,2005-04-01
HICP.M.BG.N.041000.4D0.INX,M05,May,2005,May 2005,47.05,2005-05-01
HICP.M.BG.N.041000.4D0.INX,M06,Jun,2005,Jun 2005,47.18,2005-06-01
HICP.M.BG.N.041000.4D0.INX,M07,Jul,2005,Jul 2005,47.3,2005-07-01
HICP.M.BG.N.041000.4D0.INX,M08,Aug,2005,Aug 2005,47.33,2005-08-01
HICP.M.BG.N.041000.4D0.INX,M09,Sep,2005,Sep 2005,47.38,2005-09-01
HICP.M.BG.N.041000.4D0.INX,M10,Oct,2005,Oct 2005,47.55,2005-10-01
HICP.M.BG.N.041000.4D0.INX,M11,Nov,2005,Nov 2005,47.8,2005-11-01
HICP.M.BG.N.041000.4D0.INX,M12,Dec,2005,Dec 2005,47.89,2005-12-01
HICP.M.BG.N.041000.4D0.INX,M01,Jan,2006,Jan 2006,48.84,2006-01-01
HICP.M.BG.N.041000.4D0.INX,M02,Feb,2006,Feb 2006,48.92,2006-02-01
HICP.M.BG.N.041000.4D0.INX,M03,Mar,2006,Mar 2006,49.23,2006-03-01
HICP.M.BG.N.041000.4D0.INX,M04,Apr,2006,Apr 2006,49.41,2006-04-01
HICP.M.BG.N.041000.4D0.INX,M05,May,2006,May 2006,49.5,2006-05-01
HICP.M.BG.N.041000.4D0.INX,M06,Jun,2006,Jun 2006,49.54,2006-06-01
HICP.M.BG.N.041000.4D0.INX,M07,Jul,2006,Jul 2006,49.67,2006-07-01
HICP.M.BG.N.041000.4D0.INX,M08,Aug,2006,Aug 2006,50.06,2006-08-01
HICP.M.BG.N.041000.4D0.INX,M09,Sep,2006,Sep 2006,50.17,2006-09-01
HICP.M.BG.N.041000.4D0.INX,M10,Oct,2006,Oct 2006,50.23,2006-10-01
HICP.M.BG.N.041000.4D0.INX,M11,Nov,2006,Nov 2006,50.4,2006-11-01
HICP.M.BG.N.041000.4D0.INX,M12,Dec,2006,Dec 2006,50.44,2006-12-01
HICP.M.BG.N.041000.4D0.INX,M01,Jan,2007,Jan 2007,50.63,2007-01-01
HICP.M.BG.N.041000.4D0.INX,M02,Feb,2007,Feb 2007,50.69,2007-02-01
HICP.M.BG.N.041000.4D0.INX,M03,Mar,2007,Mar 2007,50.84,2007-03-01
HICP.M.BG.N.041000.4D0.INX,M04,Apr,2007,Apr 2007,51.05,2007-04-01
HICP.M.BG.N.041000.4D0.INX,M05,May,2007,May 2007,51.05,2007-05-01
HICP.M.BG.N.041000.4D0.INX,M06,Jun,2007,Jun 2007,51.12,2007-06-01
HICP.M.BG.N.041000.4D0.INX,M07,Jul,2007,Jul 2007,51.54,2007-07-01
HICP.M.BG.N.041000.4D0.INX,M08,Aug,2007,Aug 2007,52.33,2007-08-01
HICP.M.BG.N.041000.4D0.INX,M09,Sep,2007,Sep 2007,52.39,2007-09-01
HICP.M.BG.N.041000.4D0.INX,M10,Oct,2007,Oct 2007,52.39,2007-10-01
HICP.M.BG.N.041000.4D0.INX,M11,Nov,2007,Nov 2007,52.5,2007-11-01
HICP.M.BG.N.041000.4D0.INX,M12,Dec,2007,Dec 2007,52.82,2007-12-01
HICP.M.BG.N.041000.4D0.INX,M01,Jan,2008,Jan 2008,54.47,2008-01-01
HICP.M.BG.N.041000.4D0.INX,M02,Feb,2008,Feb 2008,54.58,2008-02-01
HICP.M.BG.N.041000.4D0.INX,M03,Mar,2008,Mar 2008,55.32,2008-03-01
HICP.M.BG.N.041000.4D0.INX,M04,Apr,2008,Apr 2008,56.55,2008-04-01
HICP.M.BG.N.041000.4D0.INX,M05,May,2008,May 2008,57.29,2008-05-01
HICP.M.BG.N.041000.4D0.INX,M06,Jun,2008,Jun 2008,57.4,2008-06-01
HICP.M.BG.N.041000.4D0.INX,M07,Jul,2008,Jul 2008,57.96,2008-07-01
HICP.M.BG.N.041000.4D0.INX,M08,Aug,2008,Aug 2008,58.15,2008-08-01
HICP.M.BG.N.041000.4D0.INX,M09,Sep,2008,Sep 2008,58.57,2008-09-01
HICP.M.BG.N.041000.4D0.INX,M10,Oct,2008,Oct 2008,58.76,2008-10-01
HICP.M.BG.N.041000.4D0.INX,M11,Nov,2008,Nov 2008,59.08,2008-11-01
HICP.M.BG.N.041000.4D0.INX,M12,Dec,2008,Dec 2008,59.87,2008-12-01
HICP.M.BG.N.041000.4D0.INX,M01,Jan,2009,Jan 2009,60.46,2009-01-01
HICP.M.BG.N.041000.4D0.INX,M02,Feb,2009,Feb 2009,61.24,2009-02-01
HICP.M.BG.N.041000.4D0.INX,M03,Mar,2009,Mar 2009,62.87,2009-03-01
HICP.M.BG.N.041000.4D0.INX,M04,Apr,2009,Apr 2009,63.68,2009-04-01
HICP.M.BG.N.041000.4D0.INX,M05,May,2009,May 2009,63.73,2009-05-01
HICP.M.BG.N.041000.4D0.INX,M06,Jun,2009,Jun 2009,63.85,2009-06-01
HICP.M.BG.N.041000.4D0.INX,M07,Jul,2009,Jul 2009,63.85,2009-07-01
HICP.M.BG.N.041000.4D0.INX,M08,Aug,2009,Aug 2009,63.85,2009-08-01
HICP.M.BG.N.041000.4D0.INX,M09,Sep,2009,Sep 2009,64.1,2009-09-01
HICP.M.BG.N.041000.4D0.INX,M10,Oct,2009,Oct 2009,64.1,2009-10-01
HICP.M.BG.N.041000.4D0.INX,M11,Nov,2009,Nov 2009,64.1,2009-11-01
HICP.M.BG.N.041000.4D0.INX,M12,Dec,2009,Dec 2009,64.05,2009-12-01
HICP.M.BG.N.041000.4D0.INX,M01,Jan,2010,Jan 2010,63.83,2010-01-01
HICP.M.BG.N.041000.4D0.INX,M02,Feb,2010,Feb 2010,63.79,2010-02-01
HICP.M.BG.N.041000.4D0.INX,M03,Mar,2010,Mar 2010,64.57,2010-03-01
HICP.M.BG.N.041000.4D0.INX,M04,Apr,2010,Apr 2010,64.69,2010-04-01
HICP.M.BG.N.041000.4D0.INX,M05,May,2010,May 2010,65.14,2010-05-01
HICP.M.BG.N.041000.4D0.INX,M06,Jun,2010,Jun 2010,65.11,2010-06-01
HICP.M.BG.N.041000.4D0.INX,M07,Jul,2010,Jul 2010,64.83,2010-07-01
HICP.M.BG.N.041000.4D0.INX,M08,Aug,2010,Aug 2010,64.96,2010-08-01
HICP.M.BG.N.041000.4D0.INX,M09,Sep,2010,Sep 2010,65.0,2010-09-01
HICP.M.BG.N.041000.4D0.INX,M10,Oct,2010,Oct 2010,65.54,2010-10-01
HICP.M.BG.N.041000.4D0.INX,M11,Nov,2010,Nov 2010,65.54,2010-11-01
HICP.M.BG.N.041000.4D0.INX,M12,Dec,2010,Dec 2010,65.57,2010-12-01
HICP.M.BG.N.041000.4D0.INX,M01,Jan,2011,Jan 2011,65.74,2011-01-01
HICP.M.BG.N.041000.4D0.INX,M02,Feb,2011,Feb 2011,65.8,2011-02-01
HICP.M.BG.N.041000.4D0.INX,M03,Mar,2011,Mar 2011,65.72,2011-03-01
HICP.M.BG.N.041000.4D0.INX,M04,Apr,2011,Apr 2011,65.74,2011-04-01
HICP.M.BG.N.041000.4D0.INX,M05,May,2011,May 2011,65.74,2011-05-01
HICP.M.BG.N.041000.4D0.INX,M06,Jun,2011,Jun 2011,65.77,2011-06-01
HICP.M.BG.N.041000.4D0.INX,M07,Jul,2011,Jul 2011,65.77,2011-07-01
HICP.M.BG.N.041000.4D0.INX,M08,Aug,2011,Aug 2011,65.73,2011-08-01
HICP.M.BG.N.041000.4D0.INX,M09,Sep,2011,Sep 2011,65.75,2011-09-01
HICP.M.BG.N.041000.4D0.INX,M10,Oct,2011,Oct 2011,65.75,2011-10-01
HICP.M.BG.N.041000.4D0.INX,M11,Nov,2011,Nov 2011,65.75,2011-11-01
HICP.M.BG.N.041000.4D0.INX,M12,Dec,2011,Dec 2011,65.8,2011-12-01
HICP.M.BG.N.041000.4D0.INX,M01,Jan,2012,Jan 2012,65.7,2012-01-01
HICP.M.BG.N.041000.4D0.INX,M02,Feb,2012,Feb 2012,65.72,2012-02-01
HICP.M.BG.N.041000.4D0.INX,M03,Mar,2012,Mar 2012,65.83,2012-03-01
HICP.M.BG.N.041000.4D0.INX,M04,Apr,2012,Apr 2012,65.9,2012-04-01
HICP.M.BG.N.041000.4D0.INX,M05,May,2012,May 2012,66.1,2012-05-01
HICP.M.BG.N.041000.4D0.INX,M06,Jun,2012,Jun 2012,66.1,2012-06-01
HICP.M.BG.N.041000.4D0.INX,M07,Jul,2012,Jul 2012,66.73,2012-07-01
HICP.M.BG.N.041000.4D0.INX,M08,Aug,2012,Aug 2012,66.73,2012-08-01
HICP.M.BG.N.041000.4D0.INX,M09,Sep,2012,Sep 2012,66.9,2012-09-01
HICP.M.BG.N.041000.4D0.INX,M10,Oct,2012,Oct 2012,66.75,2012-10-01
HICP.M.BG.N.041000.4D0.INX,M11,Nov,2012,Nov 2012,66.78,2012-11-01
HICP.M.BG.N.041000.4D0.INX,M12,Dec,2012,Dec 2012,66.78,2012-12-01
HICP.M.BG.N.041000.4D0.INX,M01,Jan,2013,Jan 2013,66.65,2013-01-01
HICP.M.BG.N.041000.4D0.INX,M02,Feb,2013,Feb 2013,66.58,2013-02-01
HICP.M.BG.N.041000.4D0.INX,M03,Mar,2013,Mar 2013,66.75,2013-03-01
HICP.M.BG.N.041000.4D0.INX,M04,Apr,2013,Apr 2013,66.7,2013-04-01
HICP.M.BG.N.041000.4D0.INX,M05,May,2013,May 2013,66.7,2013-05-01
HICP.M.BG.N.041000.4D0.INX,M06,Jun,2013,Jun 2013,66.74,2013-06-01
HICP.M.BG.N.041000.4D0.INX,M07,Jul,2013,Jul 2013,66.74,2013-07-01
HICP.M.BG.N.041000.4D0.INX,M08,Aug,2013,Aug 2013,66.74,2013-08-01
HICP.M.BG.N.041000.4D0.INX,M09,Sep,2013,Sep 2013,66.65,2013-09-01
HICP.M.BG.N.041000.4D0.INX,M10,Oct,2013,Oct 2013,66.65,2013-10-01
HICP.M.BG.N.041000.4D0.INX,M11,Nov,2013,Nov 2013,66.59,2013-11-01
HICP.M.BG.N.041000.4D0.INX,M12,Dec,2013,Dec 2013,66.55,2013-12-01
HICP.M.BG.N.041000.4D0.INX,M01,Jan,2014,Jan 2014,66.6,2014-01-01
HICP.M.BG.N.041000.4D0.INX,M02,Feb,2014,Feb 2014,66.62,2014-02-01
HICP.M.BG.N.041000.4D0.INX,M03,Mar,2014,Mar 2014,66.63,2014-03-01
HICP.M.BG.N.041000.4D0.INX,M04,Apr,2014,Apr 2014,66.59,2014-04-01
HICP.M.BG.N.041000.4D0.INX,M05,May,2014,May 2014,66.81,2014-05-01
HICP.M.BG.N.041000.4D0.INX,M06,Jun,2014,Jun 2014,66.81,2014-06-01
HICP.M.BG.N.041000.4D0.INX,M07,Jul,2014,Jul 2014,66.78,2014-07-01
HICP.M.BG.N.041000.4D0.INX,M08,Aug,2014,Aug 2014,66.78,2014-08-01
HICP.M.BG.N.041000.4D0.INX,M09,Sep,2014,Sep 2014,67.07,2014-09-01
HICP.M.BG.N.041000.4D0.INX,M10,Oct,2014,Oct 2014,67.07,2014-10-01
HICP.M.BG.N.041000.4D0.INX,M11,Nov,2014,Nov 2014,67.07,2014-11-01
HICP.M.BG.N.041000.4D0.INX,M12,Dec,2014,Dec 2014,67.07,2014-12-01
HICP.M.BG.N.041000.4D0.INX,M01,Jan,2015,Jan 2015,67.21,2015-01-01
HICP.M.BG.N.041000.4D0.INX,M02,Feb,2015,Feb 2015,67.34,2015-02-01
HICP.M.BG.N.041000.4D0.INX,M03,Mar,2015,Mar 2015,67.29,2015-03-01
HICP.M.BG.N.041000.4D0.INX,M04,Apr,2015,Apr 2015,67.3,2015-04-01
HICP.M.BG.N.041000.4D0.INX,M05,May,2015,May 2015,67.3,2015-05-01
HICP.M.BG.N.041000.4D0.INX,M06,Jun,2015,Jun 2015,67.3,2015-06-01
HICP.M.BG.N.041000.4D0.INX,M07,Jul,2015,Jul 2015,67.3,2015-07-01
HICP.M.BG.N.041000.4D0.INX,M08,Aug,2015,Aug 2015,67.3,2015-08-01
HICP.M.BG.N.041000.4D0.INX,M09,Sep,2015,Sep 2015,67.35,2015-09-01
HICP.M.BG.N.041000.4D0.INX,M10,Oct,2015,Oct 2015,67.36,2015-10-01
HICP.M.BG.N.041000.4D0.INX,M11,Nov,2015,Nov 2015,67.42,2015-11-01
HICP.M.BG.N.041000.4D0.INX,M12,Dec,2015,Dec 2015,67.42,2015-12-01
HICP.M.BG.N.041000.4D0.INX,M01,Jan,2016,Jan 2016,67.41,2016-01-01
HICP.M.BG.N.041000.4D0.INX,M02,Feb,2016,Feb 2016,67.42,2016-02-01
HICP.M.BG.N.041000.4D0.INX,M03,Mar,2016,Mar 2016,67.41,2016-03-01
HICP.M.BG.N.041000.4D0.INX,M04,Apr,2016,Apr 2016,67.74,2016-04-01
HICP.M.BG.N.041000.4D0.INX,M05,May,2016,May 2016,67.74,2016-05-01
HICP.M.BG.N.041000.4D0.INX,M06,Jun,2016,Jun 2016,67.74,2016-06-01
HICP.M.BG.N.041000.4D0.INX,M07,Jul,2016,Jul 2016,67.74,2016-07-01
HICP.M.BG.N.041000.4D0.INX,M08,Aug,2016,Aug 2016,67.77,2016-08-01
HICP.M.BG.N.041000.4D0.INX,M09,Sep,2016,Sep 2016,67.84,2016-09-01
HICP.M.BG.N.041000.4D0.INX,M10,Oct,2016,Oct 2016,67.92,2016-10-01
HICP.M.BG.N.041000.4D0.INX,M11,Nov,2016,Nov 2016,67.99,2016-11-01
HICP.M.BG.N.041000.4D0.INX,M12,Dec,2016,Dec 2016,67.99,2016-12-01
HICP.M.BG.N.041000.4D0.INX,M01,Jan,2017,Jan 2017,68.08,2017-01-01
HICP.M.BG.N.041000.4D0.INX,M02,Feb,2017,Feb 2017,68.08,2017-02-01
HICP.M.BG.N.041000.4D0.INX,M03,Mar,2017,Mar 2017,68.11,2017-03-01
HICP.M.BG.N.041000.4D0.INX,M04,Apr,2017,Apr 2017,68.37,2017-04-01
HICP.M.BG.N.041000.4D0.INX,M05,May,2017,May 2017,68.37,2017-05-01
HICP.M.BG.N.041000.4D0.INX,M06,Jun,2017,Jun 2017,68.44,2017-06-01
HICP.M.BG.N.041000.4D0.INX,M07,Jul,2017,Jul 2017,68.44,2017-07-01
HICP.M.BG.N.041000.4D0.INX,M08,Aug,2017,Aug 2017,68.46,2017-08-01
HICP.M.BG.N.041000.4D0.INX,M09,Sep,2017,Sep 2017,68.48,2017-09-01
HICP.M.BG.N.041000.4D0.INX,M10,Oct,2017,Oct 2017,68.62,2017-10-01
HICP.M.BG.N.041000.4D0.INX,M11,Nov,2017,Nov 2017,68.66,2017-11-01
HICP.M.BG.N.041000.4D0.INX,M12,Dec,2017,Dec 2017,68.71,2017-12-01
HICP.M.BG.N.041000.4D0.INX,M01,Jan,2018,Jan 2018,68.88,2018-01-01
HICP.M.BG.N.041000.4D0.INX,M02,Feb,2018,Feb 2018,69.05,2018-02-01
HICP.M.BG.N.041000.4D0.INX,M03,Mar,2018,Mar 2018,69.08,2018-03-01
HICP.M.BG.N.041000.4D0.INX,M04,Apr,2018,Apr 2018,69.49,2018-04-01
HICP.M.BG.N.041000.4D0.INX,M05,May,2018,May 2018,69.51,2018-05-01
HICP.M.BG.N.041000.4D0.INX,M06,Jun,2018,Jun 2018,69.51,2018-06-01
HICP.M.BG.N.041000.4D0.INX,M07,Jul,2018,Jul 2018,69.51,2018-07-01
HICP.M.BG.N.041000.4D0.INX,M08,Aug,2018,Aug 2018,70.15,2018-08-01
HICP.M.BG.N.041000.4D0.INX,M09,Sep,2018,Sep 2018,70.22,2018-09-01
HICP.M.BG.N.041000.4D0.INX,M10,Oct,2018,Oct 2018,70.22,2018-10-01
HICP.M.BG.N.041000.4D0.INX,M11,Nov,2018,Nov 2018,70.29,2018-11-01
HICP.M.BG.N.041000.4D0.INX,M12,Dec,2018,Dec 2018,70.38,2018-12-01
HICP.M.BG.N.041000.4D0.INX,M01,Jan,2019,Jan 2019,70.73,2019-01-01
HICP.M.BG.N.041000.4D0.INX,M02,Feb,2019,Feb 2019,70.78,2019-02-01
HICP.M.BG.N.041000.4D0.INX,M03,Mar,2019,Mar 2019,71.82,2019-03-01
HICP.M.BG.N.041000.4D0.INX,M04,Apr,2019,Apr 2019,71.96,2019-04-01
HICP.M.BG.N.041000.4D0.INX,M05,May,2019,May 2019,72.05,2019-05-01
HICP.M.BG.N.041000.4D0.INX,M06,Jun,2019,Jun 2019,72.17,2019-06-01
HICP.M.BG.N.041000.4D0.INX,M07,Jul,2019,Jul 2019,72.28,2019-07-01
HICP.M.BG.N.041000.4D0.INX,M08,Aug,2019,Aug 2019,72.28,2019-08-01
HICP.M.BG.N.041000.4D0.INX,M09,Sep,2019,Sep 2019,72.31,2019-09-01
HICP.M.BG.N.041000.4D0.INX,M10,Oct,2019,Oct 2019,72.37,2019-10-01
HICP.M.BG.N.041000.4D0.INX,M11,Nov,2019,Nov 2019,72.43,2019-11-01
HICP.M.BG.N.041000.4D0.INX,M12,Dec,2019,Dec 2019,72.43,2019-12-01
HICP.M.BG.N.041000.4D0.INX,M01,Jan,2020,Jan 2020,72.93,2020-01-01
HICP.M.BG.N.041000.4D0.INX,M02,Feb,2020,Feb 2020,73.54,2020-02-01
HICP.M.BG.N.041000.4D0.INX,M03,Mar,2020,Mar 2020,73.62,2020-03-01
HICP.M.BG.N.041000.4D0.INX,M04,Apr,2020,Apr 2020,73.69,2020-04-01
HICP.M.BG.N.041000.4D0.INX,M05,May,2020,May 2020,73.82,2020-05-01
HICP.M.BG.N.041000.4D0.INX,M06,Jun,2020,Jun 2020,73.83,2020-06-01
HICP.M.BG.N.041000.4D0.INX,M07,Jul,2020,Jul 2020,73.93,2020-07-01
HICP.M.BG.N.041000.4D0.INX,M08,Aug,2020,Aug 2020,73.93,2020-08-01
HICP.M.BG.N.041000.4D0.INX,M09,Sep,2020,Sep 2020,74.03,2020-09-01
HICP.M.BG.N.041000.4D0.INX,M10,Oct,2020,Oct 2020,74.02,2020-10-01
HICP.M.BG.N.041000.4D0.INX,M11,Nov,2020,Nov 2020,74.07,2020-11-01
HICP.M.BG.N.041000.4D0.INX,M12,Dec,2020,Dec 2020,74.1,2020-12-01
HICP.M.BG.N.041000.4D0.INX,M01,Jan,2021,Jan 2021,74.51,2021-01-01
HICP.M.BG.N.041000.4D0.INX,M02,Feb,2021,Feb 2021,74.56,2021-02-01
HICP.M.BG.N.041000.4D0.INX,M03,Mar,2021,Mar 2021,74.68,2021-03-01
HICP.M.BG.N.041000.4D0.INX,M04,Apr,2021,Apr 2021,74.71,2021-04-01
HICP.M.BG.N.041000.4D0.INX,M05,May,2021,May 2021,75.02,2021-05-01
HICP.M.BG.N.041000.4D0.INX,M06,Jun,2021,Jun 2021,75.01,2021-06-01
HICP.M.BG.N.041000.4D0.INX,M07,Jul,2021,Jul 2021,74.97,2021-07-01
HICP.M.BG.N.041000.4D0.INX,M08,Aug,2021,Aug 2021,75.05,2021-08-01
HICP.M.BG.N.041000.4D0.INX,M09,Sep,2021,Sep 2021,75.2,2021-09-01
HICP.M.BG.N.041000.4D0.INX,M10,Oct,2021,Oct 2021,75.2,2021-10-01
HICP.M.BG.N.041000.4D0.INX,M11,Nov,2021,Nov 2021,75.39,2021-11-01
HICP.M.BG.N.041000.4D0.INX,M12,Dec,2021,Dec 2021,75.82,2021-12-01
HICP.M.BG.N.041000.4D0.INX,M01,Jan,2022,Jan 2022,76.38,2022-01-01
HICP.M.BG.N.041000.4D0.INX,M02,Feb,2022,Feb 2022,77.92,2022-02-01
HICP.M.BG.N.041000.4D0.INX,M03,Mar,2022,Mar 2022,79.01,2022-03-01
HICP.M.BG.N.041000.4D0.INX,M04,Apr,2022,Apr 2022,79.14,2022-04-01
HICP.M.BG.N.041000.4D0.INX,M05,May,2022,May 2022,79.73,2022-05-01
HICP.M.BG.N.041000.4D0.INX,M06,Jun,2022,Jun 2022,79.84,2022-06-01
HICP.M.BG.N.041000.4D0.INX,M07,Jul,2022,Jul 2022,80.03,2022-07-01
HICP.M.BG.N.041000.4D0.INX,M08,Aug,2022,Aug 2022,80.28,2022-08-01
HICP.M.BG.N.041000.4D0.INX,M09,Sep,2022,Sep 2022,80.85,2022-09-01
HICP.M.BG.N.041000.4D0.INX,M10,Oct,2022,Oct 2022,80.86,2022-10-01
HICP.M.BG.N.041000.4D0.INX,M11,Nov,2022,Nov 2022,81.49,2022-11-01
HICP.M.BG.N.041000.4D0.INX,M12,Dec,2022,Dec 2022,81.62,2022-12-01
HICP.M.BG.N.041000.4D0.INX,M01,Jan,2023,Jan 2023,84.34,2023-01-01
HICP.M.BG.N.041000.4D0.INX,M02,Feb,2023,Feb 2023,85.1,2023-02-01
HICP.M.BG.N.041000.4D0.INX,M03,Mar,2023,Mar 2023,85.92,2023-03-01
HICP.M.BG.N.041000.4D0.INX,M04,Apr,2023,Apr 2023,86.03,2023-04-01
HICP.M.BG.N.041000.4D0.INX,M05,May,2023,May 2023,86.4,2023-05-01
HICP.M.BG.N.041000.4D0.INX,M06,Jun,2023,Jun 2023,86.5,2023-06-01
HICP.M.BG.N.041000.4D0.INX,M07,Jul,2023,Jul 2023,86.52,2023-07-01
HICP.M.BG.N.041000.4D0.INX,M08,Aug,2023,Aug 2023,86.87,2023-08-01
HICP.M.BG.N.041000.4D0.INX,M09,Sep,2023,Sep 2023,86.87,2023-09-01
HICP.M.BG.N.041000.4D0.INX,M10,Oct,2023,Oct 2023,87.26,2023-10-01
HICP.M.BG.N.041000.4D0.INX,M11,Nov,2023,Nov 2023,87.54,2023-11-01
HICP.M.BG.N.041000.4D0.INX,M12,Dec,2023,Dec 2023,88.1,2023-12-01
HICP.M.BG.N.041000.4D0.INX,M01,Jan,2024,Jan 2024,89.5,2024-01-01
HICP.M.BG.N.041000.4D0.INX,M02,Feb,2024,Feb 2024,89.73,2024-02-01
HICP.M.BG.N.041000.4D0.INX,M03,Mar,2024,Mar 2024,90.03,2024-03-01
HICP.M.BG.N.041000.4D0.INX,M04,Apr,2024,Apr 2024,90.14,2024-04-01
HICP.M.BG.N.041000.4D0.INX,M05,May,2024,May 2024,90.29,2024-05-01
HICP.M.BG.N.041000.4D0.INX,M06,Jun,2024,Jun 2024,91.34,2024-06-01
HICP.M.BG.N.041000.4D0.INX,M07,Jul,2024,Jul 2024,91.98,2024-07-01
HICP.M.BG.N.041000.4D0.INX,M08,Aug,2024,Aug 2024,92.09,2024-08-01
HICP.M.BG.N.041000.4D0.INX,M09,Sep,2024,Sep 2024,92.36,2024-09-01
HICP.M.BG.N.041000.4D0.INX,M10,Oct,2024,Oct 2024,92.47,2024-10-01
HICP.M.BG.N.041000.4D0.INX,M11,Nov,2024,Nov 2024,92.57,2024-11-01
HICP.M.BG.N.041000.4D0.INX,M12,Dec,2024,Dec 2024,92.57,2024-12-01
HICP.M.BG.N.041000.4D0.INX,M01,Jan,2025,Jan 2025,95.82,2025-01-01
HICP.M.BG.N.041000.4D0.INX,M02,Feb,2025,Feb 2025,96.17,2025-02-01
HICP.M.BG.N.041000.4D0.INX,M03,Mar,2025,Mar 2025,97.0,2025-03-01
HICP.M.BG.N.041000.4D0.INX,M04,Apr,2025,Apr 2025,98.09,2025-04-01
HICP.M.BG.N.041000.4D0.INX,M05,May,2025,May 2025,98.1,2025-05-01
HICP.M.BG.N.041000.4D0.INX,M06,Jun,2025,Jun 2025,98.84,2025-06-01
HICP.M.BG.N.041000.4D0.INX,M07,Jul,2025,Jul 2025,100.57,2025-07-01
HICP.M.BG.N.041000.4D0.INX,M08,Aug,2025,Aug 2025,102.35,2025-08-01
HICP.M.BG.N.041000.4D0.INX,M09,Sep,2025,Sep 2025,102.54,2025-09-01
HICP.M.BG.N.041000.4D0.INX,M10,Oct,2025,Oct 2025,103.38,2025-10-01
HICP.M.BG.N.041000.4D0.INX,M11,Nov,2025,Nov 2025,103.53,2025-11-01
HICP.M.BG.N.041000.4D0.INX,M12,Dec,2025,Dec 2025,103.62,2025-12-01
